event-1756273044126-8wz4fwj38,openai_address,"{""addressLength"": 206}",client-1756272833203-r5tlpg06q,user-1756272833249-6q2lmbivs,2025-08-27 05:37:24.127
event-1756298572421-idmznr37b,openai_image,"{""imageName"": ""WhatsApp Image 2025-08-25 at 00.11.28.jpeg"", ""imageSize"": 409636, ""imageType"": ""image/jpeg""}",client-1756297715470-3hwkwcugb,user-1756297715481-z5jst9611,2025-08-27 12:42:52.422
event-1756298577880-tgnwipm7c,openai_image,"{""imageName"": ""WhatsApp Image 2025-08-25 at 00.11.28.jpeg"", ""imageSize"": 409636, ""imageType"": ""image/jpeg""}",client-1756297715470-3hwkwcugb,user-1756297715481-z5jst9611,2025-08-27 12:42:57.881
event-1756298615655-80o923nvc,openai_image,"{""imageName"": ""WhatsApp Image 2025-08-25 at 00.11.28.jpeg"", ""imageSize"": 409636, ""imageType"": ""image/jpeg""}",client-1756297715470-3hwkwcugb,user-1756297715481-z5jst9611,2025-08-27 12:43:35.656
event-1756298715274-eh52zsbza,openai_image,"{""imageName"": ""WhatsApp Image 2025-08-25 at 00.11.28.jpeg"", ""imageSize"": 409636, ""imageType"": ""image/jpeg""}",client-1756297715470-3hwkwcugb,user-1756297715481-z5jst9611,2025-08-27 12:45:15.275
event-1756300263034-jmep6aa5p,openai_image,"{""imageName"": ""WhatsApp Image 2025-08-25 at 00.11.28.jpeg"", ""imageSize"": 409636, ""imageType"": ""image/jpeg""}",client-1756297715470-3hwkwcugb,user-1756297715481-z5jst9611,2025-08-27 13:11:03.035
event-1756300558658-nhpojk544,openai_address,"{""addressLength"": 191}",client-1756297715470-3hwkwcugb,user-1756297715481-z5jst9611,2025-08-27 13:15:58.659
event-1756302142284-dvse6aanj,openai_image,"{""imageName"": ""WhatsApp Image 2025-08-23 at 10.36.30.jpeg"", ""imageSize"": 42776, ""imageType"": ""image/jpeg""}",client-1756297715470-3hwkwcugb,user-1756297715481-z5jst9611,2025-08-27 13:42:22.285
event-1756302597177-40tldkwf3,openai_image,"{""imageName"": ""WhatsApp Image 2025-08-23 at 10.36.30.jpeg"", ""imageSize"": 42776, ""imageType"": ""image/jpeg""}",client-1756297715470-3hwkwcugb,user-1756297715481-z5jst9611,2025-08-27 13:49:57.178
event-1756302709121-u07ditedu,openai_image,"{""imageName"": ""WhatsApp Image 2025-08-23 at 10.36.30.jpeg"", ""imageSize"": 42776, ""imageType"": ""image/jpeg""}",client-1756272833203-r5tlpg06q,user-1756272833249-6q2lmbivs,2025-08-27 13:51:49.122
event-1756302844860-37hyak6wm,openai_image,"{""imageName"": ""WhatsApp Image 2025-08-23 at 11.50.00.jpeg"", ""imageSize"": 120615, ""imageType"": ""image/jpeg""}",client-1756272833203-r5tlpg06q,user-1756272833249-6q2lmbivs,2025-08-27 13:54:04.861
event-1756310759596-pgjsti0jp,openai_image,"{""imageName"": ""WhatsApp Image 2025-08-23 at 10.36.30.jpeg"", ""imageSize"": 42776, ""imageType"": ""image/jpeg""}",client-1756272833203-r5tlpg06q,user-1756272833249-6q2lmbivs,2025-08-27 16:05:59.597
event-1756310908083-bjtrm84bj,openai_address,"{""addressLength"": 163}",client-1756272833203-r5tlpg06q,user-1756272833249-6q2lmbivs,2025-08-27 16:08:28.084
event-1756311659008-4vzs8y6s6,openai_image,"{""imageName"": ""WhatsApp Image 2025-08-25 at 00.11.28.jpeg"", ""imageSize"": 409636, ""imageType"": ""image/jpeg""}",client-1756297715470-3hwkwcugb,user-1756297715481-z5jst9611,2025-08-27 16:20:59.009
event-1756311696382-ngj4s0y9r,openai_image,"{""imageName"": ""WhatsApp Image 2025-08-25 at 00.11.28.jpeg"", ""imageSize"": 409636, ""imageType"": ""image/jpeg""}",client-1756297715470-3hwkwcugb,user-1756297715481-z5jst9611,2025-08-27 16:21:36.383
event-1756311708385-3ip6ptl41,openai_image,"{""imageName"": ""WhatsApp Image 2025-08-25 at 00.11.28.jpeg"", ""imageSize"": 409636, ""imageType"": ""image/jpeg""}",client-1756297715470-3hwkwcugb,user-1756297715481-z5jst9611,2025-08-27 16:21:48.386
event-1756313706221-v2wiowe4q,openai_address,"{""addressLength"": 206}",client-1756272833203-r5tlpg06q,user-1756272833249-6q2lmbivs,2025-08-27 16:55:06.222
event-1756313739082-10lh2e9cj,openai_image,"{""imageName"": ""WhatsApp Image 2025-08-23 at 11.50.05.jpeg"", ""imageSize"": 127241, ""imageType"": ""image/jpeg""}",client-1756272833203-r5tlpg06q,user-1756272833249-6q2lmbivs,2025-08-27 16:55:39.083
event-1756317705247-6o5bl0pxj,openai_address,"{""addressLength"": 163}",client-1756272833203-r5tlpg06q,user-1756272833249-6q2lmbivs,2025-08-27 18:01:45.249
event-1756317770386-scyhlqu8a,openai_image,"{""imageName"": ""WhatsApp Image 2025-08-23 at 10.36.30.jpeg"", ""imageSize"": 42776, ""imageType"": ""image/jpeg""}",client-1756272833203-r5tlpg06q,user-1756272833249-6q2lmbivs,2025-08-27 18:02:50.387
event-1756317804903-d1zf2ea8d,openai_image,"{""imageName"": ""WhatsApp Image 2025-08-25 at 00.11.28.jpeg"", ""imageSize"": 409636, ""imageType"": ""image/jpeg""}",client-1756272833203-r5tlpg06q,user-1756272833249-6q2lmbivs,2025-08-27 18:03:24.904
event-1756317818268-1nwh7s9k0,openai_image,"{""imageName"": ""WhatsApp Image 2025-08-25 at 00.11.28.jpeg"", ""imageSize"": 409636, ""imageType"": ""image/jpeg""}",client-1756272833203-r5tlpg06q,user-1756272833249-6q2lmbivs,2025-08-27 18:03:38.269
event-1756317890334-li5dcwcbx,openai_image,"{""imageName"": ""WhatsApp Image 2025-08-23 at 11.48.14.jpeg"", ""imageSize"": 150595, ""imageType"": ""image/jpeg""}",client-1756272833203-r5tlpg06q,user-1756272833249-6q2lmbivs,2025-08-27 18:04:50.335
event-1756320867280-c3htxc34l,openai_image,"{""imageName"": ""WhatsApp Image 2025-08-23 at 11.50.03.jpeg"", ""imageSize"": 121409, ""imageType"": ""image/jpeg""}",client-1756272833203-r5tlpg06q,user-1756272833249-6q2lmbivs,2025-08-27 18:54:27.281
event-1756322141003-gmj76sa1n,openai_image,"{""imageName"": ""WhatsApp Image 2025-08-23 at 10.36.30.jpeg"", ""imageSize"": 42776, ""imageType"": ""image/jpeg""}",client-1756272833203-r5tlpg06q,user-1756272833249-6q2lmbivs,2025-08-27 19:15:41.004
event-1756322220266-xince85et,openai_address,"{""addressLength"": 191}",client-1756272833203-r5tlpg06q,user-1756272833249-6q2lmbivs,2025-08-27 19:17:00.271
event-1756322667093-if4vb0dp4,openai_image,"{""imageName"": ""WhatsApp Image 2025-08-23 at 10.36.30.jpeg"", ""imageSize"": 42776, ""imageType"": ""image/jpeg""}",client-1756272833203-r5tlpg06q,user-1756272833249-6q2lmbivs,2025-08-27 19:24:27.093
event-1756323045199-qbcqie65j,openai_address,"{""addressLength"": 191}",client-1756272833203-r5tlpg06q,user-1756272833249-6q2lmbivs,2025-08-27 19:30:45.2
event-1756333488677-kmjy9jr77,openai_image,"{""imageName"": ""WhatsApp Image 2025-08-23 at 11.50.02.jpeg"", ""imageSize"": 124225, ""imageType"": ""image/jpeg""}",client-1756272833203-r5tlpg06q,user-1756272833249-6q2lmbivs,2025-08-27 22:24:48.678
event-1756336156420-64euqnbi7,openai_image,"{""imageName"": ""WhatsApp Image 2025-08-23 at 10.36.30.jpeg"", ""imageSize"": 42776, ""imageType"": ""image/jpeg""}",client-1756272833203-r5tlpg06q,user-1756272833249-6q2lmbivs,2025-08-27 23:09:16.421
event-1756381936927-hki8ssfvh,openai_image,"{""imageName"": ""WhatsApp Image 2025-08-23 at 10.36.30.jpeg"", ""imageSize"": 42776, ""imageType"": ""image/jpeg""}",client-1756272833203-r5tlpg06q,user-1756272833249-6q2lmbivs,2025-08-28 11:52:16.928
event-1756383075800-byc4ksov8,openai_image,"{""imageName"": ""WhatsApp Image 2025-08-23 at 10.36.30.jpeg"", ""imageSize"": 42776, ""imageType"": ""image/jpeg""}",client-1756272833203-r5tlpg06q,user-1756272833249-6q2lmbivs,2025-08-28 12:11:15.801
event-1756442975799-2jwcnv3y0,openai_address,"{""addressLength"": 114}",client-1756272833203-r5tlpg06q,user-1756272833249-6q2lmbivs,2025-08-29 04:49:35.8
event-1756656509776-dlaoc236u,openai_address,"{""addressLength"": 186}",client-1756653250197-7ltxt67xn,user-1756653250215-ql8x6xfiq,2025-08-31 16:08:29.777
event-1756443061516-4d7uz4baj,openai_image,"{""imageName"": ""WhatsApp Image 2025-08-23 at 10.36.30.jpeg"", ""imageSize"": 42776, ""imageType"": ""image/jpeg""}",client-1756272833203-r5tlpg06q,user-1756272833249-6q2lmbivs,2025-08-29 04:51:01.517
event-1756444847599-bbr04u46s,openai_image,"{""imageName"": ""WhatsApp Image 2025-08-23 at 10.36.30.jpeg"", ""imageSize"": 42776, ""imageType"": ""image/jpeg""}",client-1756272833203-r5tlpg06q,user-1756272833249-6q2lmbivs,2025-08-29 05:20:47.6
event-1756445493498-zuvfz2l8n,openai_image,"{""imageName"": ""WhatsApp Image 2025-08-23 at 10.36.30.jpeg"", ""imageSize"": 42776, ""imageType"": ""image/jpeg""}",client-1756272833203-r5tlpg06q,user-1756272833249-6q2lmbivs,2025-08-29 05:31:33.499
event-1756445767860-2wtme8h4b,openai_image,"{""imageName"": ""WhatsApp Image 2025-08-23 at 10.36.30.jpeg"", ""imageSize"": 42776, ""imageType"": ""image/jpeg""}",client-1756272833203-r5tlpg06q,user-1756272833249-6q2lmbivs,2025-08-29 05:36:07.861
event-1756445790671-o548r5hyw,openai_image,"{""imageName"": ""WhatsApp Image 2025-08-23 at 10.36.30.jpeg"", ""imageSize"": 42776, ""imageType"": ""image/jpeg""}",client-1756272833203-r5tlpg06q,user-1756272833249-6q2lmbivs,2025-08-29 05:36:30.672
event-1756445832506-2hsy2f9f4,openai_image,"{""imageName"": ""WhatsApp Image 2025-08-23 at 10.36.30.jpeg"", ""imageSize"": 42776, ""imageType"": ""image/jpeg""}",client-1756272833203-r5tlpg06q,user-1756272833249-6q2lmbivs,2025-08-29 05:37:12.507
event-1756518081970-xiqhhcnsy,openai_image,"{""imageName"": ""WhatsApp Image 2025-08-23 at 10.36.30.jpeg"", ""imageSize"": 42776, ""imageType"": ""image/jpeg""}",client-1756272833203-r5tlpg06q,user-1756272833249-6q2lmbivs,2025-08-30 01:41:21.972
event-1756519417697-rkgylucd9,openai_image,"{""imageName"": ""WhatsApp Image 2025-08-23 at 10.36.30.jpeg"", ""imageSize"": 42776, ""imageType"": ""image/jpeg""}",client-1756272833203-r5tlpg06q,user-1756272833249-6q2lmbivs,2025-08-30 02:03:37.698
event-1756522527812-23sndiidc,openai_image,"{""imageName"": ""WhatsApp Image 2025-08-23 at 10.36.30.jpeg"", ""imageSize"": 42776, ""imageType"": ""image/jpeg""}",client-1756272833203-r5tlpg06q,user-1756272833249-6q2lmbivs,2025-08-30 02:55:27.813
event-1756523384180-79608wk3e,openai_image,"{""imageName"": ""WhatsApp Image 2025-08-23 at 10.36.30.jpeg"", ""imageSize"": 42776, ""imageType"": ""image/jpeg""}",client-1756272833203-r5tlpg06q,user-1756272833249-6q2lmbivs,2025-08-30 03:09:44.181
event-1756523418500-m3wmrlznq,openai_image,"{""imageName"": ""WhatsApp Image 2025-08-23 at 10.36.30.jpeg"", ""imageSize"": 42776, ""imageType"": ""image/jpeg""}",client-1756272833203-r5tlpg06q,user-1756272833249-6q2lmbivs,2025-08-30 03:10:18.501
event-1756523443515-dup4onyby,openai_image,"{""imageName"": ""WhatsApp Image 2025-08-23 at 10.36.30.jpeg"", ""imageSize"": 42776, ""imageType"": ""image/jpeg""}",client-1756272833203-r5tlpg06q,user-1756272833249-6q2lmbivs,2025-08-30 03:10:43.516
event-1756552732172-20kovhq08,openai_image,"{""imageName"": ""WhatsApp Image 2025-08-29 at 02.04.31.jpeg"", ""imageSize"": 184322, ""imageType"": ""image/jpeg""}",client-1756297715470-3hwkwcugb,user-1756297715481-z5jst9611,2025-08-30 11:18:52.173
event-1756552939935-1zbzl1uvz,openai_image,"{""imageName"": ""WhatsApp Image 2025-08-23 at 10.36.30.jpeg"", ""imageSize"": 42776, ""imageType"": ""image/jpeg""}",client-1756297715470-3hwkwcugb,user-1756297715481-z5jst9611,2025-08-30 11:22:19.936
event-1756567305051-bwjcruuy5,openai_image,"{""imageName"": ""WhatsApp Image 2025-08-23 at 10.36.30.jpeg"", ""imageSize"": 42776, ""imageType"": ""image/jpeg""}",client-1756297715470-3hwkwcugb,user-1756297715481-z5jst9611,2025-08-30 15:21:45.052
event-1756644204468-gnw0fxv0z,openai_image,"{""imageName"": ""WhatsApp Image 2025-08-23 at 10.36.30.jpeg"", ""imageSize"": 42776, ""imageType"": ""image/jpeg""}",default-client-001,user-1756643951453-7h5dyb5zm,2025-08-31 12:43:24.469
event-1756644276721-euxbxbn61,openai_image,"{""imageName"": ""WhatsApp Image 2025-08-23 at 10.36.30.jpeg"", ""imageSize"": 42776, ""imageType"": ""image/jpeg""}",default-client-001,user-1756643951453-7h5dyb5zm,2025-08-31 12:44:36.722
event-1756644375795-m2d4y7hnr,openai_image,"{""imageName"": ""WhatsApp Image 2025-08-23 at 10.36.30.jpeg"", ""imageSize"": 42776, ""imageType"": ""image/jpeg""}",default-client-001,user-1756643951453-7h5dyb5zm,2025-08-31 12:46:15.796
event-1756644773213-w27oai6eb,openai_address,"{""addressLength"": 206}",default-client-001,user-1756643951453-7h5dyb5zm,2025-08-31 12:52:53.214
event-1756645524319-slt3wgcf3,openai_image,"{""imageName"": ""WhatsApp Image 2025-08-23 at 11.48.14.jpeg"", ""imageSize"": 150595, ""imageType"": ""image/jpeg""}",default-client-001,user-1756643951453-7h5dyb5zm,2025-08-31 13:05:24.32
event-1756645557612-ridbe51xz,openai_address,"{""addressLength"": 191}",default-client-001,user-1756643951453-7h5dyb5zm,2025-08-31 13:05:57.613
event-1756650520393-qeekb65ek,openai_address,"{""addressLength"": 219}",default-client-001,user-1756643951453-7h5dyb5zm,2025-08-31 14:28:40.394
event-1756650549195-udy9ayb6t,openai_address,"{""addressLength"": 203}",default-client-001,user-1756643951453-7h5dyb5zm,2025-08-31 14:29:09.195
event-1756650568087-1ucc3w2l3,openai_address,"{""addressLength"": 138}",default-client-001,user-1756643951453-7h5dyb5zm,2025-08-31 14:29:28.087
event-1756650740827-ynivsqlzn,openai_address,"{""addressLength"": 130}",default-client-001,user-1756643951453-7h5dyb5zm,2025-08-31 14:32:20.828
event-1756650795378-viibrz1e0,openai_address,"{""addressLength"": 191}",default-client-001,user-1756643951453-7h5dyb5zm,2025-08-31 14:33:15.379
event-1756650889767-4buysga5u,openai_address,"{""addressLength"": 206}",default-client-001,user-1756643951453-7h5dyb5zm,2025-08-31 14:34:49.768
event-1756652220395-wwbamg8g7,openai_image,"{""imageName"": ""WhatsApp Image 2025-08-23 at 11.49.58 (1).jpeg"", ""imageSize"": 129047, ""imageType"": ""image/jpeg""}",default-client-001,user-1756643951453-7h5dyb5zm,2025-08-31 14:57:00.396
event-1756652261828-vm3xhfjci,openai_image,"{""imageName"": ""WhatsApp Image 2025-08-23 at 10.36.30.jpeg"", ""imageSize"": 42776, ""imageType"": ""image/jpeg""}",default-client-001,user-1756643951453-7h5dyb5zm,2025-08-31 14:57:41.829
event-1756652639662-g9hwwih9z,openai_image,"{""imageName"": ""WhatsApp Image 2025-08-23 at 10.36.30.jpeg"", ""imageSize"": 42776, ""imageType"": ""image/jpeg""}",default-client-001,user-1756643951453-7h5dyb5zm,2025-08-31 15:03:59.662
event-1756653636664-mscamf562,openai_address,"{""addressLength"": 208}",client-1756653250197-7ltxt67xn,user-1756653250215-ql8x6xfiq,2025-08-31 15:20:36.665
event-1756654386988-uiezfye3a,openai_address,"{""addressLength"": 82}",client-1756653250197-7ltxt67xn,user-1756653250215-ql8x6xfiq,2025-08-31 15:33:06.989
event-1756654543518-sarbdsyjy,openai_address,"{""addressLength"": 94}",client-1756653250197-7ltxt67xn,user-1756653250215-ql8x6xfiq,2025-08-31 15:35:43.519
event-1756655657341-mpfaxar2t,openai_address,"{""addressLength"": 97}",client-1756653250197-7ltxt67xn,user-1756653250215-ql8x6xfiq,2025-08-31 15:54:17.342
event-1756655805920-dxwsai7n3,openai_address,"{""addressLength"": 123}",client-1756653250197-7ltxt67xn,user-1756653250215-ql8x6xfiq,2025-08-31 15:56:45.921
event-1756655882768-l4pp2pagk,openai_address,"{""addressLength"": 178}",client-1756653250197-7ltxt67xn,user-1756653250215-ql8x6xfiq,2025-08-31 15:58:02.769
event-1756656645061-quj1eto3g,openai_address,"{""addressLength"": 116}",client-1756653250197-7ltxt67xn,user-1756653250215-ql8x6xfiq,2025-08-31 16:10:45.062
event-1756656808566-ae5a15odz,openai_address,"{""addressLength"": 199}",client-1756653250197-7ltxt67xn,user-1756653250215-ql8x6xfiq,2025-08-31 16:13:28.567
event-1756656899022-mm5ikf2m1,openai_address,"{""addressLength"": 121}",client-1756653250197-7ltxt67xn,user-1756653250215-ql8x6xfiq,2025-08-31 16:14:59.023
event-1756656976558-408f7lw4d,openai_address,"{""addressLength"": 93}",client-1756653250197-7ltxt67xn,user-1756653250215-ql8x6xfiq,2025-08-31 16:16:16.559
event-1756657073716-8mdzsx2jc,openai_address,"{""addressLength"": 97}",client-1756653250197-7ltxt67xn,user-1756653250215-ql8x6xfiq,2025-08-31 16:17:53.716
event-1756657178637-9npvnfj3e,openai_address,"{""addressLength"": 87}",client-1756653250197-7ltxt67xn,user-1756653250215-ql8x6xfiq,2025-08-31 16:19:38.638
event-1756657317603-q449djepz,openai_address,"{""addressLength"": 160}",client-1756653250197-7ltxt67xn,user-1756653250215-ql8x6xfiq,2025-08-31 16:21:57.604
event-1756657455835-bnymll8gz,openai_address,"{""addressLength"": 111}",client-1756653250197-7ltxt67xn,user-1756653250215-ql8x6xfiq,2025-08-31 16:24:15.835
event-1756657587075-0xqnqq3wq,openai_address,"{""addressLength"": 103}",client-1756653250197-7ltxt67xn,user-1756653250215-ql8x6xfiq,2025-08-31 16:26:27.076
event-1756657790177-w14eqdl11,openai_address,"{""addressLength"": 67}",client-1756653250197-7ltxt67xn,user-1756653250215-ql8x6xfiq,2025-08-31 16:29:50.177
event-1756657915808-2l7nxdh7d,openai_address,"{""addressLength"": 107}",client-1756653250197-7ltxt67xn,user-1756653250215-ql8x6xfiq,2025-08-31 16:31:55.809
event-1756658017596-yaltn0q56,openai_address,"{""addressLength"": 174}",client-1756653250197-7ltxt67xn,user-1756653250215-ql8x6xfiq,2025-08-31 16:33:37.597
event-1756658083955-ypb4affpr,openai_image,"{""imageName"": ""WhatsApp Image 2025-08-23 at 10.36.30.jpeg"", ""imageSize"": 42776, ""imageType"": ""image/jpeg""}",default-client-001,user-1756643951453-7h5dyb5zm,2025-08-31 16:34:43.956
event-1756658094421-j3183fmjp,openai_address,"{""addressLength"": 133}",client-1756653250197-7ltxt67xn,user-1756653250215-ql8x6xfiq,2025-08-31 16:34:54.422
event-1756658200422-z2bqoe69k,openai_address,"{""addressLength"": 130}",client-1756653250197-7ltxt67xn,user-1756653250215-ql8x6xfiq,2025-08-31 16:36:40.423
event-1756658280896-3pg9rk8r3,openai_address,"{""addressLength"": 87}",client-1756653250197-7ltxt67xn,user-1756653250215-ql8x6xfiq,2025-08-31 16:38:00.897
event-1756658389911-aauq3ta1r,openai_address,"{""addressLength"": 82}",client-1756653250197-7ltxt67xn,user-1756653250215-ql8x6xfiq,2025-08-31 16:39:49.912
event-1756658488553-zxk2e178t,openai_address,"{""addressLength"": 87}",client-1756653250197-7ltxt67xn,user-1756653250215-ql8x6xfiq,2025-08-31 16:41:28.554
event-1756658614637-42b6nh9xt,openai_address,"{""addressLength"": 101}",client-1756653250197-7ltxt67xn,user-1756653250215-ql8x6xfiq,2025-08-31 16:43:34.638
event-1756658620155-jj2ei5pbm,openai_address,"{""addressLength"": 101}",client-1756653250197-7ltxt67xn,user-1756653250215-ql8x6xfiq,2025-08-31 16:43:40.155
event-1756658712637-i62modiw2,openai_address,"{""addressLength"": 114}",client-1756653250197-7ltxt67xn,user-1756653250215-ql8x6xfiq,2025-08-31 16:45:12.638
event-1756658864317-7mvenxtb7,openai_address,"{""addressLength"": 111}",client-1756653250197-7ltxt67xn,user-1756653250215-ql8x6xfiq,2025-08-31 16:47:44.318
event-1756659452835-tct2q7u8j,openai_image,"{""imageName"": ""WhatsApp Image 2025-08-23 at 10.36.30.jpeg"", ""imageSize"": 42776, ""imageType"": ""image/jpeg""}",default-client-001,user-1756643951453-7h5dyb5zm,2025-08-31 16:57:32.836
event-1756659602153-dgxtq3zym,openai_image,"{""imageName"": ""WhatsApp Image 2025-08-23 at 10.36.30.jpeg"", ""imageSize"": 42776, ""imageType"": ""image/jpeg""}",default-client-001,user-1756643951453-7h5dyb5zm,2025-08-31 17:00:02.154
event-1756659664351-taoa6aeun,openai_image,"{""imageName"": ""WhatsApp Image 2025-08-23 at 10.36.30.jpeg"", ""imageSize"": 42776, ""imageType"": ""image/jpeg""}",default-client-001,user-1756643951453-7h5dyb5zm,2025-08-31 17:01:04.352
event-1756667814558-3ove34d8x,openai_image,"{""imageName"": ""WhatsApp Image 2025-08-23 at 10.36.30.jpeg"", ""imageSize"": 42776, ""imageType"": ""image/jpeg""}",default-client-001,user-1756643951453-7h5dyb5zm,2025-08-31 19:16:54.559
event-1756667854827-s1bdwb6vf,openai_image,"{""imageName"": ""WhatsApp Image 2025-08-23 at 10.36.30.jpeg"", ""imageSize"": 42776, ""imageType"": ""image/jpeg""}",default-client-001,user-1756643951453-7h5dyb5zm,2025-08-31 19:17:34.828
event-1756667905687-c2fz8j625,openai_image,"{""imageName"": ""WhatsApp Image 2025-08-23 at 11.50.02.jpeg"", ""imageSize"": 124225, ""imageType"": ""image/jpeg""}",default-client-001,user-1756643951453-7h5dyb5zm,2025-08-31 19:18:25.688
event-1756705604917-324wxkj4s,openai_address,"{""addressLength"": 158}",client-1756653250197-7ltxt67xn,user-1756653250215-ql8x6xfiq,2025-09-01 05:46:44.918
event-1756705751812-rvxcg2lx1,openai_address,"{""addressLength"": 126}",client-1756653250197-7ltxt67xn,user-1756653250215-ql8x6xfiq,2025-09-01 05:49:11.812
event-1756705811415-sckno03c5,openai_address,"{""addressLength"": 139}",client-1756653250197-7ltxt67xn,user-1756653250215-ql8x6xfiq,2025-09-01 05:50:11.416
event-1756706384222-orrphkfmw,openai_address,"{""addressLength"": 121}",client-1756653250197-7ltxt67xn,user-1756653250215-ql8x6xfiq,2025-09-01 05:59:44.223
event-1756706952648-fhar6gdka,openai_address,"{""addressLength"": 90}",client-1756653250197-7ltxt67xn,user-1756653250215-ql8x6xfiq,2025-09-01 06:09:12.649
event-1756709262473-9xip3k2zb,openai_address,"{""addressLength"": 107}",client-1756653250197-7ltxt67xn,user-1756653250215-ql8x6xfiq,2025-09-01 06:47:42.474
event-1756709978555-f060x8yjf,openai_address,"{""addressLength"": 139}",client-1756653250197-7ltxt67xn,user-1756653250215-ql8x6xfiq,2025-09-01 06:59:38.556
event-1756710128180-id9h23qzv,openai_address,"{""addressLength"": 78}",client-1756653250197-7ltxt67xn,user-1756653250215-ql8x6xfiq,2025-09-01 07:02:08.181
event-1756727779562-zm4269po6,openai_address,"{""addressLength"": 206}",client-1756297715470-3hwkwcugb,user-1756297715481-z5jst9611,2025-09-01 11:56:19.563
event-1756727875674-x13wjkrpa,openai_image,"{""imageName"": ""Screenshot 2025-09-01 at 7.57.48 AM.png"", ""imageSize"": 111701, ""imageType"": ""image/png""}",client-1756297715470-3hwkwcugb,user-1756297715481-z5jst9611,2025-09-01 11:57:55.676
event-1756728030387-gz1txj3f1,openai_address,"{""addressLength"": 206}",client-1756297715470-3hwkwcugb,user-1756297715481-z5jst9611,2025-09-01 12:00:30.388
event-1756728200724-c76tt73zg,openai_image,"{""imageName"": ""WhatsApp Image 2025-08-25 at 00.11.28.jpeg"", ""imageSize"": 409636, ""imageType"": ""image/jpeg""}",client-1756297715470-3hwkwcugb,user-1756297715481-z5jst9611,2025-09-01 12:03:20.725
event-1756736540344-f7fewtw05,openai_address,"{""addressLength"": 174}",client-1756297715470-3hwkwcugb,user-1756297715481-z5jst9611,2025-09-01 14:22:20.345
event-1756737462154-4ufqgfdol,openai_address,"{""addressLength"": 134}",client-1756297715470-3hwkwcugb,user-1756297715481-z5jst9611,2025-09-01 14:37:42.155
event-1756739596658-orzz1sfuy,openai_address,"{""addressLength"": 141}",client-1756653250197-7ltxt67xn,user-1756653250215-ql8x6xfiq,2025-09-01 15:13:16.659
event-1756739683406-jjei2kw8d,openai_address,"{""addressLength"": 141}",client-1756653250197-7ltxt67xn,user-1756653250215-ql8x6xfiq,2025-09-01 15:14:43.407
event-1756739928956-0clmhpygx,openai_address,"{""addressLength"": 141}",client-1756653250197-7ltxt67xn,user-1756653250215-ql8x6xfiq,2025-09-01 15:18:48.957
event-1756740223937-p9sqoz3bi,openai_address,"{""addressLength"": 139}",client-1756653250197-7ltxt67xn,user-1756653250215-ql8x6xfiq,2025-09-01 15:23:43.938
event-1756740334533-mhjywfgdm,openai_address,"{""addressLength"": 152}",client-1756653250197-7ltxt67xn,user-1756653250215-ql8x6xfiq,2025-09-01 15:25:34.534
event-1756740380819-k109dxwsk,openai_address,"{""addressLength"": 152}",client-1756653250197-7ltxt67xn,user-1756653250215-ql8x6xfiq,2025-09-01 15:26:20.82
event-1756740546167-hogckr48i,openai_address,"{""addressLength"": 152}",default-client-001,user-1756643951453-7h5dyb5zm,2025-09-01 15:29:06.168
event-1756740619567-d2lr6zebc,openai_address,"{""addressLength"": 152}",default-client-001,user-1756643951453-7h5dyb5zm,2025-09-01 15:30:19.569
event-1756740924398-yxdnffgcj,openai_address,"{""addressLength"": 152}",default-client-001,user-1756643951453-7h5dyb5zm,2025-09-01 15:35:24.399
event-1756740992539-5asxrt2d7,openai_address,"{""addressLength"": 140}",client-1756653250197-7ltxt67xn,user-1756653250215-ql8x6xfiq,2025-09-01 15:36:32.54
event-1756741090782-cat3501rj,openai_address,"{""addressLength"": 152}",default-client-001,user-1756643951453-7h5dyb5zm,2025-09-01 15:38:10.783
event-1756741424908-40n1x44s4,openai_address,"{""addressLength"": 115}",client-1756653250197-7ltxt67xn,user-1756653250215-ql8x6xfiq,2025-09-01 15:43:44.909
event-1756742311182-1kvp2ymmq,openai_address,"{""addressLength"": 119}",client-1756653250197-7ltxt67xn,user-1756653250215-ql8x6xfiq,2025-09-01 15:58:31.183
event-1756742760312-p4q1d4l8y,openai_address,"{""addressLength"": 89}",client-1756653250197-7ltxt67xn,user-1756653250215-ql8x6xfiq,2025-09-01 16:06:00.312
event-1756742783887-nlneygctn,openai_address,"{""addressLength"": 148}",client-1756653250197-7ltxt67xn,user-1756653250215-ql8x6xfiq,2025-09-01 16:06:23.888
event-1756742808830-gqov294rf,openai_address,"{""addressLength"": 89}",default-client-001,user-1756643951453-7h5dyb5zm,2025-09-01 16:06:48.831
event-1756742904292-75692a7ml,openai_address,"{""addressLength"": 89}",client-1756653250197-7ltxt67xn,user-1756653250215-ql8x6xfiq,2025-09-01 16:08:24.293
event-1756743006332-bkufpeq6u,openai_address,"{""addressLength"": 89}",client-1756653250197-7ltxt67xn,user-1756653250215-ql8x6xfiq,2025-09-01 16:10:06.333
event-1756743146424-8c4w6w2da,openai_address,"{""addressLength"": 89}",client-1756653250197-7ltxt67xn,user-1756653250215-ql8x6xfiq,2025-09-01 16:12:26.425
event-1756743424583-1oipqc57d,openai_address,"{""addressLength"": 115}",client-1756653250197-7ltxt67xn,user-1756653250215-ql8x6xfiq,2025-09-01 16:17:04.584
event-1756743539539-mbnh2zvuy,openai_address,"{""addressLength"": 148}",client-1756653250197-7ltxt67xn,user-1756653250215-ql8x6xfiq,2025-09-01 16:18:59.54
event-1756743974907-yb9t4z013,openai_address,"{""addressLength"": 138}",client-1756653250197-7ltxt67xn,user-1756653250215-ql8x6xfiq,2025-09-01 16:26:14.908
event-1756744057302-ymyty0z4l,openai_address,"{""addressLength"": 120}",client-1756653250197-7ltxt67xn,user-1756653250215-ql8x6xfiq,2025-09-01 16:27:37.302
event-1756744149703-uoc5lu0k2,openai_address,"{""addressLength"": 88}",client-1756653250197-7ltxt67xn,user-1756653250215-ql8x6xfiq,2025-09-01 16:29:09.704
event-1756744318522-96zfsq7ab,openai_address,"{""addressLength"": 170}",client-1756653250197-7ltxt67xn,user-1756653250215-ql8x6xfiq,2025-09-01 16:31:58.523
event-1756744434584-6lbatww7f,openai_address,"{""addressLength"": 135}",client-1756653250197-7ltxt67xn,user-1756653250215-ql8x6xfiq,2025-09-01 16:33:54.585
event-1756744550211-0947j5hti,openai_address,"{""addressLength"": 117}",client-1756653250197-7ltxt67xn,user-1756653250215-ql8x6xfiq,2025-09-01 16:35:50.212
event-1756745226581-qy6ddc0rn,openai_address,"{""addressLength"": 144}",client-1756653250197-7ltxt67xn,user-1756653250215-ql8x6xfiq,2025-09-01 16:47:06.582
event-1756745379719-6thojl1e8,openai_address,"{""addressLength"": 126}",client-1756653250197-7ltxt67xn,user-1756653250215-ql8x6xfiq,2025-09-01 16:49:39.72
event-1756745525475-e557irwlb,openai_address,"{""addressLength"": 97}",client-1756653250197-7ltxt67xn,user-1756653250215-ql8x6xfiq,2025-09-01 16:52:05.476
event-1756745566962-ekywkl2qv,openai_address,"{""addressLength"": 121}",client-1756653250197-7ltxt67xn,user-1756653250215-ql8x6xfiq,2025-09-01 16:52:46.963
event-1756745642081-xqppcf9m6,openai_address,"{""addressLength"": 114}",client-1756653250197-7ltxt67xn,user-1756653250215-ql8x6xfiq,2025-09-01 16:54:02.082
event-1756745847710-x68t6bh8a,openai_address,"{""addressLength"": 188}",client-1756653250197-7ltxt67xn,user-1756653250215-ql8x6xfiq,2025-09-01 16:57:27.711
event-1756745967700-d57p1h3tz,openai_address,"{""addressLength"": 117}",client-1756653250197-7ltxt67xn,user-1756653250215-ql8x6xfiq,2025-09-01 16:59:27.701
event-1756746046272-9p5p2up5w,openai_address,"{""addressLength"": 89}",client-1756653250197-7ltxt67xn,user-1756653250215-ql8x6xfiq,2025-09-01 17:00:46.273
event-1756746168266-h71qzvj0x,openai_address,"{""addressLength"": 82}",client-1756653250197-7ltxt67xn,user-1756653250215-ql8x6xfiq,2025-09-01 17:02:48.267
event-1756746239776-b5mdr68t3,openai_address,"{""addressLength"": 94}",client-1756653250197-7ltxt67xn,user-1756653250215-ql8x6xfiq,2025-09-01 17:03:59.777
event-1756746295052-h5a94eega,openai_address,"{""addressLength"": 121}",client-1756653250197-7ltxt67xn,user-1756653250215-ql8x6xfiq,2025-09-01 17:04:55.053
event-1756746393454-jc9xqxkob,openai_address,"{""addressLength"": 94}",client-1756653250197-7ltxt67xn,user-1756653250215-ql8x6xfiq,2025-09-01 17:06:33.455
event-1756746535554-clu25gte3,openai_address,"{""addressLength"": 136}",client-1756653250197-7ltxt67xn,user-1756653250215-ql8x6xfiq,2025-09-01 17:08:55.555
event-1756746626249-plqrs6rq6,openai_address,"{""addressLength"": 226}",client-1756653250197-7ltxt67xn,user-1756653250215-ql8x6xfiq,2025-09-01 17:10:26.25
event-1756746787061-4ut1fuyl6,openai_address,"{""addressLength"": 132}",client-1756653250197-7ltxt67xn,user-1756653250215-ql8x6xfiq,2025-09-01 17:13:07.062
event-1756746859098-zagta2gpv,openai_address,"{""addressLength"": 132}",client-1756653250197-7ltxt67xn,user-1756653250215-ql8x6xfiq,2025-09-01 17:14:19.099
event-1756746987463-zh47j3rzi,openai_address,"{""addressLength"": 213}",client-1756653250197-7ltxt67xn,user-1756653250215-ql8x6xfiq,2025-09-01 17:16:27.464
event-1756747046644-hnh2umzn0,openai_address,"{""addressLength"": 125}",client-1756653250197-7ltxt67xn,user-1756653250215-ql8x6xfiq,2025-09-01 17:17:26.645
event-1756747375913-o64g3dy0b,openai_address,"{""addressLength"": 163}",default-client-001,user-1756643951453-7h5dyb5zm,2025-09-01 17:22:55.913
event-1756750277846-oayk0o3b0,openai_address,"{""addressLength"": 134}",default-client-001,user-1756643951453-7h5dyb5zm,2025-09-01 18:11:17.847
event-1756750375974-baiffxqvm,openai_image,"{""imageName"": ""Screenshot 2025-09-01 at 2.12.40 PM.png"", ""imageSize"": 40236, ""imageType"": ""image/png""}",default-client-001,user-1756643951453-7h5dyb5zm,2025-09-01 18:12:55.976
event-1756750452298-wstdxcsv9,openai_address,"{""addressLength"": 107}",default-client-001,user-1756643951453-7h5dyb5zm,2025-09-01 18:14:12.298
event-1756750587351-5zl5xyku8,openai_address,"{""addressLength"": 157}",default-client-001,user-1756643951453-7h5dyb5zm,2025-09-01 18:16:27.352
event-1756796405026-s562ofqly,openai_address,"{""addressLength"": 141}",client-1756653250197-7ltxt67xn,user-1756653250215-ql8x6xfiq,2025-09-02 07:00:05.027
event-1756796584317-fzmth7gkt,openai_address,"{""addressLength"": 148}",client-1756653250197-7ltxt67xn,user-1756653250215-ql8x6xfiq,2025-09-02 07:03:04.318
event-1756796921350-031gmazhz,openai_address,"{""addressLength"": 128}",client-1756653250197-7ltxt67xn,user-1756653250215-ql8x6xfiq,2025-09-02 07:08:41.351
event-1756797034705-8lxm7txb3,openai_address,"{""addressLength"": 163}",client-1756653250197-7ltxt67xn,user-1756653250215-ql8x6xfiq,2025-09-02 07:10:34.706
event-1756797187293-0uo6u2pu3,openai_address,"{""addressLength"": 112}",client-1756653250197-7ltxt67xn,user-1756653250215-ql8x6xfiq,2025-09-02 07:13:07.294
event-1756797238342-c2akf1ldw,openai_address,"{""addressLength"": 141}",client-1756653250197-7ltxt67xn,user-1756653250215-ql8x6xfiq,2025-09-02 07:13:58.344
event-1756797300397-zzpd3qy04,openai_address,"{""addressLength"": 104}",client-1756653250197-7ltxt67xn,user-1756653250215-ql8x6xfiq,2025-09-02 07:15:00.397
event-1756797354577-wkemld7b5,openai_address,"{""addressLength"": 113}",client-1756653250197-7ltxt67xn,user-1756653250215-ql8x6xfiq,2025-09-02 07:15:54.578
event-1756797482215-a7weeh45b,openai_address,"{""addressLength"": 187}",client-1756653250197-7ltxt67xn,user-1756653250215-ql8x6xfiq,2025-09-02 07:18:02.216
event-1756797596246-bf8f7h5s2,openai_address,"{""addressLength"": 128}",client-1756653250197-7ltxt67xn,user-1756653250215-ql8x6xfiq,2025-09-02 07:19:56.247
event-1756797667437-phtjp5j11,openai_address,"{""addressLength"": 143}",client-1756653250197-7ltxt67xn,user-1756653250215-ql8x6xfiq,2025-09-02 07:21:07.437
event-1756797849063-7z3ico41o,openai_address,"{""addressLength"": 128}",client-1756653250197-7ltxt67xn,user-1756653250215-ql8x6xfiq,2025-09-02 07:24:09.064
event-1756797897847-4oi4v3vwg,openai_address,"{""addressLength"": 77}",client-1756653250197-7ltxt67xn,user-1756653250215-ql8x6xfiq,2025-09-02 07:24:57.848
event-1756797961411-rgxi5kec3,openai_address,"{""addressLength"": 117}",client-1756653250197-7ltxt67xn,user-1756653250215-ql8x6xfiq,2025-09-02 07:26:01.411
event-1756798131174-5ne1xqec8,openai_address,"{""addressLength"": 129}",client-1756653250197-7ltxt67xn,user-1756653250215-ql8x6xfiq,2025-09-02 07:28:51.174
event-1756798184906-8qbwnysrq,openai_address,"{""addressLength"": 110}",client-1756653250197-7ltxt67xn,user-1756653250215-ql8x6xfiq,2025-09-02 07:29:44.907
event-1756798257496-wjtncxf4v,openai_address,"{""addressLength"": 191}",client-1756653250197-7ltxt67xn,user-1756653250215-ql8x6xfiq,2025-09-02 07:30:57.497
event-1756798375075-tto8g6k3b,openai_image,"{""imageName"": ""WhatsApp Image 2025-08-31 at 20.04.37_89c720a0.jpg"", ""imageSize"": 22338, ""imageType"": ""image/jpeg""}",client-1756653250197-7ltxt67xn,user-1756653250215-ql8x6xfiq,2025-09-02 07:32:55.076
event-1756798395391-uc7td091a,openai_image,"{""imageName"": ""WhatsApp Image 2025-08-31 at 20.04.37_89c720a0.jpg"", ""imageSize"": 22338, ""imageType"": ""image/jpeg""}",client-1756653250197-7ltxt67xn,user-1756653250215-ql8x6xfiq,2025-09-02 07:33:15.392
event-1756798470042-ic2s19w1v,openai_address,"{""addressLength"": 200}",client-1756653250197-7ltxt67xn,user-1756653250215-ql8x6xfiq,2025-09-02 07:34:30.043
event-1756799114197-tfv379mhb,openai_address,"{""addressLength"": 152}",client-1756653250197-7ltxt67xn,user-1756653250215-ql8x6xfiq,2025-09-02 07:45:14.198
event-1756799215073-yzdhocxce,openai_address,"{""addressLength"": 137}",client-1756653250197-7ltxt67xn,user-1756653250215-ql8x6xfiq,2025-09-02 07:46:55.075
event-1756799322789-oeskia40e,openai_address,"{""addressLength"": 172}",client-1756653250197-7ltxt67xn,user-1756653250215-ql8x6xfiq,2025-09-02 07:48:42.79
event-1756799509276-y8zayspv1,openai_address,"{""addressLength"": 77}",client-1756653250197-7ltxt67xn,user-1756653250215-ql8x6xfiq,2025-09-02 07:51:49.277
event-1756799565674-4d3jmcfjx,openai_address,"{""addressLength"": 122}",client-1756653250197-7ltxt67xn,user-1756653250215-ql8x6xfiq,2025-09-02 07:52:45.675
event-1756799633466-h6x18v5hx,openai_address,"{""addressLength"": 184}",client-1756653250197-7ltxt67xn,user-1756653250215-ql8x6xfiq,2025-09-02 07:53:53.467
event-1756800752530-vvr142mry,openai_address,"{""addressLength"": 192}",client-1756653250197-7ltxt67xn,user-1756653250215-ql8x6xfiq,2025-09-02 08:12:32.531
event-1756800859083-9ma5stpx3,openai_address,"{""addressLength"": 181}",client-1756653250197-7ltxt67xn,user-1756653250215-ql8x6xfiq,2025-09-02 08:14:19.084
event-1756800938008-ds17hf31p,openai_address,"{""addressLength"": 127}",client-1756653250197-7ltxt67xn,user-1756653250215-ql8x6xfiq,2025-09-02 08:15:38.009
event-1756801014270-q9fnhm5td,openai_address,"{""addressLength"": 134}",client-1756653250197-7ltxt67xn,user-1756653250215-ql8x6xfiq,2025-09-02 08:16:54.27
event-1756801279664-v73mov4s1,openai_address,"{""addressLength"": 160}",client-1756653250197-7ltxt67xn,user-1756653250215-ql8x6xfiq,2025-09-02 08:21:19.665
event-1756801360667-a2pdnmhl9,openai_address,"{""addressLength"": 152}",client-1756653250197-7ltxt67xn,user-1756653250215-ql8x6xfiq,2025-09-02 08:22:40.668
event-1756801528424-n911edog7,openai_address,"{""addressLength"": 96}",client-1756653250197-7ltxt67xn,user-1756653250215-ql8x6xfiq,2025-09-02 08:25:28.425
event-1756802192754-y4jxmv0ww,openai_address,"{""addressLength"": 95}",client-1756653250197-7ltxt67xn,user-1756653250215-ql8x6xfiq,2025-09-02 08:36:32.755
event-1756802380624-tbkagm3fw,openai_address,"{""addressLength"": 123}",client-1756653250197-7ltxt67xn,user-1756653250215-ql8x6xfiq,2025-09-02 08:39:40.625
event-1756802491801-k0xdtuzns,openai_address,"{""addressLength"": 152}",client-1756653250197-7ltxt67xn,user-1756653250215-ql8x6xfiq,2025-09-02 08:41:31.801
event-1756802600727-uofxdchmc,openai_address,"{""addressLength"": 222}",client-1756653250197-7ltxt67xn,user-1756653250215-ql8x6xfiq,2025-09-02 08:43:20.728
event-1756802703676-0kb8ztv0m,openai_address,"{""addressLength"": 146}",client-1756653250197-7ltxt67xn,user-1756653250215-ql8x6xfiq,2025-09-02 08:45:03.677
event-1756802779731-q5xave2do,openai_address,"{""addressLength"": 154}",client-1756297715470-3hwkwcugb,user-1756297715481-z5jst9611,2025-09-02 08:46:19.732
event-1756802812891-lexfmolzx,openai_address,"{""addressLength"": 134}",client-1756297715470-3hwkwcugb,user-1756297715481-z5jst9611,2025-09-02 08:46:52.891
event-1756802838169-xovvbh7m0,openai_address,"{""addressLength"": 139}",client-1756297715470-3hwkwcugb,user-1756297715481-z5jst9611,2025-09-02 08:47:18.17
event-1756802841714-yso04mjby,openai_address,"{""addressLength"": 165}",client-1756653250197-7ltxt67xn,user-1756653250215-ql8x6xfiq,2025-09-02 08:47:21.715
event-1756802859344-2t1yi3pnc,openai_address,"{""addressLength"": 172}",client-1756297715470-3hwkwcugb,user-1756297715481-z5jst9611,2025-09-02 08:47:39.345
event-1756802878018-ph1j4decr,openai_address,"{""addressLength"": 124}",client-1756297715470-3hwkwcugb,user-1756297715481-z5jst9611,2025-09-02 08:47:58.018
event-1756802899703-6ragnxm30,openai_address,"{""addressLength"": 208}",client-1756297715470-3hwkwcugb,user-1756297715481-z5jst9611,2025-09-02 08:48:19.704
event-1756802920181-1m2mu5t39,openai_address,"{""addressLength"": 141}",client-1756297715470-3hwkwcugb,user-1756297715481-z5jst9611,2025-09-02 08:48:40.182
event-1756802943137-yxztvj7ht,openai_address,"{""addressLength"": 129}",client-1756297715470-3hwkwcugb,user-1756297715481-z5jst9611,2025-09-02 08:49:03.138
event-1756802964377-7afme4fwx,openai_address,"{""addressLength"": 125}",client-1756297715470-3hwkwcugb,user-1756297715481-z5jst9611,2025-09-02 08:49:24.378
event-1756802984437-lm541zlr5,openai_address,"{""addressLength"": 93}",client-1756297715470-3hwkwcugb,user-1756297715481-z5jst9611,2025-09-02 08:49:44.438
event-1756803084704-pq35pyxiu,openai_address,"{""addressLength"": 194}",client-1756653250197-7ltxt67xn,user-1756653250215-ql8x6xfiq,2025-09-02 08:51:24.705
event-1756803152987-4ajb7s726,openai_address,"{""addressLength"": 113}",client-1756297715470-3hwkwcugb,user-1756297715481-z5jst9611,2025-09-02 08:52:32.988
event-1756803185525-3mhz6grn3,openai_address,"{""addressLength"": 149}",client-1756297715470-3hwkwcugb,user-1756297715481-z5jst9611,2025-09-02 08:53:05.526
event-1756803224299-pnximi736,openai_address,"{""addressLength"": 147}",client-1756297715470-3hwkwcugb,user-1756297715481-z5jst9611,2025-09-02 08:53:44.3
event-1756803249047-bndee6oue,openai_address,"{""addressLength"": 184}",client-1756297715470-3hwkwcugb,user-1756297715481-z5jst9611,2025-09-02 08:54:09.048
event-1756803268315-jw5oe13xg,openai_address,"{""addressLength"": 126}",client-1756297715470-3hwkwcugb,user-1756297715481-z5jst9611,2025-09-02 08:54:28.316
event-1756803300704-wtd2cas9w,openai_address,"{""addressLength"": 205}",client-1756297715470-3hwkwcugb,user-1756297715481-z5jst9611,2025-09-02 08:55:00.705
event-1756803321622-3vu2u2m86,openai_address,"{""addressLength"": 168}",client-1756297715470-3hwkwcugb,user-1756297715481-z5jst9611,2025-09-02 08:55:21.622
event-1756803365015-116015hzo,openai_address,"{""addressLength"": 202}",client-1756297715470-3hwkwcugb,user-1756297715481-z5jst9611,2025-09-02 08:56:05.016
event-1756803389025-9d5589a4z,openai_address,"{""addressLength"": 151}",client-1756297715470-3hwkwcugb,user-1756297715481-z5jst9611,2025-09-02 08:56:29.026
event-1756803423681-yv16pcj6s,openai_address,"{""addressLength"": 139}",client-1756297715470-3hwkwcugb,user-1756297715481-z5jst9611,2025-09-02 08:57:03.682
event-1756803505774-b23l4oinp,openai_address,"{""addressLength"": 178}",client-1756297715470-3hwkwcugb,user-1756297715481-z5jst9611,2025-09-02 08:58:25.775
event-1756803531563-rtaaocdfz,openai_address,"{""addressLength"": 149}",client-1756297715470-3hwkwcugb,user-1756297715481-z5jst9611,2025-09-02 08:58:51.564
event-1756803553797-ufouvjf79,openai_address,"{""addressLength"": 219}",client-1756297715470-3hwkwcugb,user-1756297715481-z5jst9611,2025-09-02 08:59:13.798
event-1756803610576-p5t9lqg80,openai_address,"{""addressLength"": 119}",client-1756297715470-3hwkwcugb,user-1756297715481-z5jst9611,2025-09-02 09:00:10.577
event-1756803633679-ukwbz4703,openai_address,"{""addressLength"": 284}",client-1756297715470-3hwkwcugb,user-1756297715481-z5jst9611,2025-09-02 09:00:33.68
event-1756803689859-hhqe3vjcf,openai_address,"{""addressLength"": 147}",client-1756297715470-3hwkwcugb,user-1756297715481-z5jst9611,2025-09-02 09:01:29.86
event-1756803711107-2a2ual1jt,openai_address,"{""addressLength"": 208}",client-1756297715470-3hwkwcugb,user-1756297715481-z5jst9611,2025-09-02 09:01:51.108
event-1756803736740-rx2y6myiz,openai_address,"{""addressLength"": 91}",client-1756297715470-3hwkwcugb,user-1756297715481-z5jst9611,2025-09-02 09:02:16.741
event-1756803749313-wf0bkoztq,openai_address,"{""addressLength"": 100}",client-1756653250197-7ltxt67xn,user-1756653250215-ql8x6xfiq,2025-09-02 09:02:29.313
event-1756803761797-8nw1g80gf,openai_address,"{""addressLength"": 126}",client-1756297715470-3hwkwcugb,user-1756297715481-z5jst9611,2025-09-02 09:02:41.798
event-1756803783425-7mvrs9voj,openai_address,"{""addressLength"": 126}",client-1756297715470-3hwkwcugb,user-1756297715481-z5jst9611,2025-09-02 09:03:03.426
event-1756803810159-xxa06manv,openai_address,"{""addressLength"": 144}",client-1756297715470-3hwkwcugb,user-1756297715481-z5jst9611,2025-09-02 09:03:30.16
event-1756803830277-gigdgujzp,openai_address,"{""addressLength"": 76}",client-1756297715470-3hwkwcugb,user-1756297715481-z5jst9611,2025-09-02 09:03:50.278
event-1756803858328-flyfw1nn4,openai_address,"{""addressLength"": 118}",client-1756297715470-3hwkwcugb,user-1756297715481-z5jst9611,2025-09-02 09:04:18.329
event-1756803887321-5az45mmnf,openai_address,"{""addressLength"": 144}",client-1756297715470-3hwkwcugb,user-1756297715481-z5jst9611,2025-09-02 09:04:47.322
event-1756803924956-gibif06z0,openai_address,"{""addressLength"": 110}",client-1756653250197-7ltxt67xn,user-1756653250215-ql8x6xfiq,2025-09-02 09:05:24.957
event-1756803938069-bgx7b4ttx,openai_address,"{""addressLength"": 82}",client-1756297715470-3hwkwcugb,user-1756297715481-z5jst9611,2025-09-02 09:05:38.07
event-1756803964726-r93lrmuzp,openai_address,"{""addressLength"": 437}",client-1756297715470-3hwkwcugb,user-1756297715481-z5jst9611,2025-09-02 09:06:04.726
event-1756803985908-gklkakeac,openai_address,"{""addressLength"": 141}",client-1756297715470-3hwkwcugb,user-1756297715481-z5jst9611,2025-09-02 09:06:25.909
event-1756804018097-u8nb0nd5z,openai_address,"{""addressLength"": 168}",client-1756297715470-3hwkwcugb,user-1756297715481-z5jst9611,2025-09-02 09:06:58.098
event-1756804039836-uocv480n3,openai_address,"{""addressLength"": 178}",client-1756297715470-3hwkwcugb,user-1756297715481-z5jst9611,2025-09-02 09:07:19.837
event-1756804056291-ne0bk7j54,openai_address,"{""addressLength"": 124}",client-1756297715470-3hwkwcugb,user-1756297715481-z5jst9611,2025-09-02 09:07:36.292
event-1756804075872-omwlh9ch8,openai_address,"{""addressLength"": 168}",client-1756297715470-3hwkwcugb,user-1756297715481-z5jst9611,2025-09-02 09:07:55.873
event-1756804097916-zf6m2a5cr,openai_address,"{""addressLength"": 146}",client-1756297715470-3hwkwcugb,user-1756297715481-z5jst9611,2025-09-02 09:08:17.92
event-1756804121680-v5rcvh3so,openai_address,"{""addressLength"": 125}",client-1756297715470-3hwkwcugb,user-1756297715481-z5jst9611,2025-09-02 09:08:41.681
event-1756804134487-p2mxp3g13,openai_image,"{""imageName"": ""WhatsApp Image 2025-09-01 at 11.06.59_23794156.jpg"", ""imageSize"": 254433, ""imageType"": ""image/jpeg""}",client-1756653250197-7ltxt67xn,user-1756653250215-ql8x6xfiq,2025-09-02 09:08:54.488
event-1756804169256-z045912ut,openai_address,"{""addressLength"": 139}",client-1756297715470-3hwkwcugb,user-1756297715481-z5jst9611,2025-09-02 09:09:29.257
event-1756804193553-n1e9aqn15,openai_address,"{""addressLength"": 134}",client-1756297715470-3hwkwcugb,user-1756297715481-z5jst9611,2025-09-02 09:09:53.554
event-1756804229518-36y29yom3,openai_address,"{""addressLength"": 143}",client-1756653250197-7ltxt67xn,user-1756653250215-ql8x6xfiq,2025-09-02 09:10:29.519
event-1756804231120-pwwtmkm14,openai_address,"{""addressLength"": 90}",client-1756297715470-3hwkwcugb,user-1756297715481-z5jst9611,2025-09-02 09:10:31.121
event-1756804265697-t9sy83qh6,openai_address,"{""addressLength"": 161}",client-1756297715470-3hwkwcugb,user-1756297715481-z5jst9611,2025-09-02 09:11:05.698
event-1756804358644-fzpzqgi6f,openai_address,"{""addressLength"": 227}",client-1756653250197-7ltxt67xn,user-1756653250215-ql8x6xfiq,2025-09-02 09:12:38.645
event-1756805766217-4tkg6blnv,openai_address,"{""addressLength"": 117}",client-1756653250197-7ltxt67xn,user-1756653250215-ql8x6xfiq,2025-09-02 09:36:06.218
event-1756805890486-qx91i51eb,openai_address,"{""addressLength"": 119}",client-1756653250197-7ltxt67xn,user-1756653250215-ql8x6xfiq,2025-09-02 09:38:10.487
event-1756806201991-1jx9oue4s,openai_address,"{""addressLength"": 113}",client-1756653250197-7ltxt67xn,user-1756653250215-ql8x6xfiq,2025-09-02 09:43:21.992
event-1756806297816-r2uvdmmm6,openai_address,"{""addressLength"": 173}",client-1756653250197-7ltxt67xn,user-1756653250215-ql8x6xfiq,2025-09-02 09:44:57.817
event-1756806387499-0l3ahlqad,openai_address,"{""addressLength"": 94}",client-1756653250197-7ltxt67xn,user-1756653250215-ql8x6xfiq,2025-09-02 09:46:27.5
event-1756806469066-rx3ainb9n,openai_address,"{""addressLength"": 227}",client-1756653250197-7ltxt67xn,user-1756653250215-ql8x6xfiq,2025-09-02 09:47:49.067
event-1756806600678-9ghdpkma9,openai_address,"{""addressLength"": 119}",client-1756653250197-7ltxt67xn,user-1756653250215-ql8x6xfiq,2025-09-02 09:50:00.679
event-1756806691338-hm5cqye6l,openai_address,"{""addressLength"": 200}",client-1756653250197-7ltxt67xn,user-1756653250215-ql8x6xfiq,2025-09-02 09:51:31.338
event-1756806779858-h2nr2wtrq,openai_address,"{""addressLength"": 112}",client-1756653250197-7ltxt67xn,user-1756653250215-ql8x6xfiq,2025-09-02 09:52:59.858
event-1756806842038-yxrkddgkx,openai_address,"{""addressLength"": 112}",client-1756653250197-7ltxt67xn,user-1756653250215-ql8x6xfiq,2025-09-02 09:54:02.038
event-1756806953803-56rakbkr9,openai_address,"{""addressLength"": 120}",client-1756653250197-7ltxt67xn,user-1756653250215-ql8x6xfiq,2025-09-02 09:55:53.804
event-1756807004498-yob9sq54c,openai_address,"{""addressLength"": 117}",client-1756653250197-7ltxt67xn,user-1756653250215-ql8x6xfiq,2025-09-02 09:56:44.499
event-1756807052423-woh01x9ma,openai_address,"{""addressLength"": 74}",client-1756653250197-7ltxt67xn,user-1756653250215-ql8x6xfiq,2025-09-02 09:57:32.424
event-1756807121233-240o70t90,openai_address,"{""addressLength"": 155}",client-1756653250197-7ltxt67xn,user-1756653250215-ql8x6xfiq,2025-09-02 09:58:41.234
event-1756807164408-pphal77lh,openai_address,"{""addressLength"": 160}",client-1756653250197-7ltxt67xn,user-1756653250215-ql8x6xfiq,2025-09-02 09:59:24.409
event-1756811768268-68xp422ih,openai_address,"{""addressLength"": 124}",client-1756653250197-7ltxt67xn,user-1756653250215-ql8x6xfiq,2025-09-02 11:16:08.269
event-1756811913541-y8kiys9rt,openai_address,"{""addressLength"": 103}",client-1756653250197-7ltxt67xn,user-1756653250215-ql8x6xfiq,2025-09-02 11:18:33.542
event-1756816055538-5sjvzbrsz,openai_address,"{""addressLength"": 80}",client-1756653250197-7ltxt67xn,user-1756653250215-ql8x6xfiq,2025-09-02 12:27:35.539
event-1756816157140-wrvignfxq,openai_address,"{""addressLength"": 102}",client-1756653250197-7ltxt67xn,user-1756653250215-ql8x6xfiq,2025-09-02 12:29:17.141
event-1756816231130-fkugjwnpd,openai_address,"{""addressLength"": 94}",client-1756653250197-7ltxt67xn,user-1756653250215-ql8x6xfiq,2025-09-02 12:30:31.131
event-1756816294331-gzh180zoc,openai_address,"{""addressLength"": 78}",client-1756653250197-7ltxt67xn,user-1756653250215-ql8x6xfiq,2025-09-02 12:31:34.332
event-1756816495647-rv40mb24w,openai_address,"{""addressLength"": 119}",client-1756653250197-7ltxt67xn,user-1756653250215-ql8x6xfiq,2025-09-02 12:34:55.648
event-1756816552488-6xwtcyjlg,openai_address,"{""addressLength"": 221}",client-1756653250197-7ltxt67xn,user-1756653250215-ql8x6xfiq,2025-09-02 12:35:52.489
event-1756816651080-gpgr6de9i,openai_address,"{""addressLength"": 109}",client-1756653250197-7ltxt67xn,user-1756653250215-ql8x6xfiq,2025-09-02 12:37:31.08
event-1756816799131-6gmrxog1x,openai_address,"{""addressLength"": 200}",client-1756653250197-7ltxt67xn,user-1756653250215-ql8x6xfiq,2025-09-02 12:39:59.131
event-1756816850202-ekcv3gdq5,openai_address,"{""addressLength"": 130}",client-1756653250197-7ltxt67xn,user-1756653250215-ql8x6xfiq,2025-09-02 12:40:50.202
event-1756816909367-i5xeh93kh,openai_address,"{""addressLength"": 132}",client-1756653250197-7ltxt67xn,user-1756653250215-ql8x6xfiq,2025-09-02 12:41:49.368
event-1756816991034-fq6z5tqgp,openai_address,"{""addressLength"": 187}",client-1756653250197-7ltxt67xn,user-1756653250215-ql8x6xfiq,2025-09-02 12:43:11.035
event-1756817039526-bc7xz0shj,openai_address,"{""addressLength"": 115}",client-1756653250197-7ltxt67xn,user-1756653250215-ql8x6xfiq,2025-09-02 12:43:59.527
event-1756817104095-apcims0v9,openai_address,"{""addressLength"": 108}",client-1756653250197-7ltxt67xn,user-1756653250215-ql8x6xfiq,2025-09-02 12:45:04.096
event-1756817166314-mxtxjqofm,openai_address,"{""addressLength"": 135}",client-1756653250197-7ltxt67xn,user-1756653250215-ql8x6xfiq,2025-09-02 12:46:06.315
event-1756817310121-jcg8n8n3g,openai_address,"{""addressLength"": 260}",client-1756653250197-7ltxt67xn,user-1756653250215-ql8x6xfiq,2025-09-02 12:48:30.122
event-1756817357971-979lzagur,openai_address,"{""addressLength"": 226}",client-1756653250197-7ltxt67xn,user-1756653250215-ql8x6xfiq,2025-09-02 12:49:17.972
event-1756817504831-7llfwc9sd,openai_address,"{""addressLength"": 89}",client-1756653250197-7ltxt67xn,user-1756653250215-ql8x6xfiq,2025-09-02 12:51:44.832
event-1756817563869-xkxz8zg43,openai_address,"{""addressLength"": 170}",client-1756653250197-7ltxt67xn,user-1756653250215-ql8x6xfiq,2025-09-02 12:52:43.87
event-1756818095073-quu6zydje,openai_address,"{""addressLength"": 121}",client-1756653250197-7ltxt67xn,user-1756653250215-ql8x6xfiq,2025-09-02 13:01:35.074
event-1756818542697-660hbly5t,openai_address,"{""addressLength"": 123}",client-1756653250197-7ltxt67xn,user-1756653250215-ql8x6xfiq,2025-09-02 13:09:02.698
event-1756818589165-ckjtwngwa,openai_address,"{""addressLength"": 172}",client-1756653250197-7ltxt67xn,user-1756653250215-ql8x6xfiq,2025-09-02 13:09:49.166
event-1756818640175-869yo0pp0,openai_address,"{""addressLength"": 88}",client-1756653250197-7ltxt67xn,user-1756653250215-ql8x6xfiq,2025-09-02 13:10:40.176
event-1756818689019-q5i9ygl98,openai_address,"{""addressLength"": 91}",client-1756653250197-7ltxt67xn,user-1756653250215-ql8x6xfiq,2025-09-02 13:11:29.02
event-1756818790305-d8q9s7r63,openai_image,"{""imageName"": ""WhatsApp Image 2025-09-01 at 19.11.57_de623f11.jpg"", ""imageSize"": 22915, ""imageType"": ""image/jpeg""}",client-1756653250197-7ltxt67xn,user-1756653250215-ql8x6xfiq,2025-09-02 13:13:10.306
event-1756819054658-rulzwt4cx,openai_address,"{""addressLength"": 84}",client-1756653250197-7ltxt67xn,user-1756653250215-ql8x6xfiq,2025-09-02 13:17:34.659
event-1756819169717-qv6ad2ez1,openai_address,"{""addressLength"": 82}",client-1756653250197-7ltxt67xn,user-1756653250215-ql8x6xfiq,2025-09-02 13:19:29.718
event-1756819217262-1kx3zbcxz,openai_address,"{""addressLength"": 94}",client-1756653250197-7ltxt67xn,user-1756653250215-ql8x6xfiq,2025-09-02 13:20:17.264
event-1756819273625-gwqrspjsr,openai_address,"{""addressLength"": 121}",client-1756653250197-7ltxt67xn,user-1756653250215-ql8x6xfiq,2025-09-02 13:21:13.626
event-1756819434109-u3h1losge,openai_address,"{""addressLength"": 90}",client-1756653250197-7ltxt67xn,user-1756653250215-ql8x6xfiq,2025-09-02 13:23:54.111
event-1756819493163-cns48gv68,openai_address,"{""addressLength"": 176}",client-1756653250197-7ltxt67xn,user-1756653250215-ql8x6xfiq,2025-09-02 13:24:53.164
event-1756819637352-70bz1ry5a,openai_address,"{""addressLength"": 145}",client-1756653250197-7ltxt67xn,user-1756653250215-ql8x6xfiq,2025-09-02 13:27:17.353
event-1756822943735-sdsf9l4r8,openai_address,"{""addressLength"": 123}",client-1756653250197-7ltxt67xn,user-1756653250215-ql8x6xfiq,2025-09-02 14:22:23.736
event-1756823086494-ay23qu8mb,openai_address,"{""addressLength"": 84}",client-1756653250197-7ltxt67xn,user-1756653250215-ql8x6xfiq,2025-09-02 14:24:46.495
event-1756823216768-hvmnpolqg,openai_address,"{""addressLength"": 117}",client-1756653250197-7ltxt67xn,user-1756653250215-ql8x6xfiq,2025-09-02 14:26:56.769
event-1756823404095-3qg6v2ypg,openai_address,"{""addressLength"": 79}",client-1756653250197-7ltxt67xn,user-1756653250215-ql8x6xfiq,2025-09-02 14:30:04.096
event-1756823496103-h3slcd5ib,openai_image,"{""imageName"": ""WhatsApp Image 2025-09-01 at 19.11.57_de623f11.jpg"", ""imageSize"": 22915, ""imageType"": ""image/jpeg""}",client-1756653250197-7ltxt67xn,user-1756653250215-ql8x6xfiq,2025-09-02 14:31:36.104
event-1756823547909-p7b7tr59p,openai_image,"{""imageName"": ""WhatsApp Image 2025-09-01 at 21.17.41_297dd5fc.jpg"", ""imageSize"": 21070, ""imageType"": ""image/jpeg""}",client-1756653250197-7ltxt67xn,user-1756653250215-ql8x6xfiq,2025-09-02 14:32:27.91
event-1756823677624-8eh7uflel,openai_address,"{""addressLength"": 151}",client-1756653250197-7ltxt67xn,user-1756653250215-ql8x6xfiq,2025-09-02 14:34:37.625
event-1756823738247-harwz3zls,openai_address,"{""addressLength"": 113}",client-1756653250197-7ltxt67xn,user-1756653250215-ql8x6xfiq,2025-09-02 14:35:38.248
event-1756823799245-batx3ot7t,openai_address,"{""addressLength"": 136}",client-1756653250197-7ltxt67xn,user-1756653250215-ql8x6xfiq,2025-09-02 14:36:39.246
event-1756823888865-1kszw9cvd,openai_address,"{""addressLength"": 137}",client-1756653250197-7ltxt67xn,user-1756653250215-ql8x6xfiq,2025-09-02 14:38:08.866
event-1756823983128-663jr58d0,openai_address,"{""addressLength"": 92}",client-1756653250197-7ltxt67xn,user-1756653250215-ql8x6xfiq,2025-09-02 14:39:43.131
event-1756824039360-urdsyyj63,openai_address,"{""addressLength"": 113}",client-1756653250197-7ltxt67xn,user-1756653250215-ql8x6xfiq,2025-09-02 14:40:39.361
event-1756824106669-hshorko8n,openai_address,"{""addressLength"": 126}",client-1756653250197-7ltxt67xn,user-1756653250215-ql8x6xfiq,2025-09-02 14:41:46.67
event-1756825703632-qj9s8soyo,openai_address,"{""addressLength"": 182}",client-1756653250197-7ltxt67xn,user-1756653250215-ql8x6xfiq,2025-09-02 15:08:23.633
event-1756825770742-tpiabqhxs,openai_address,"{""addressLength"": 182}",client-1756653250197-7ltxt67xn,user-1756653250215-ql8x6xfiq,2025-09-02 15:09:30.743
event-1756826953770-wfht9dnea,openai_address,"{""addressLength"": 103}",client-1756653250197-7ltxt67xn,user-1756653250215-ql8x6xfiq,2025-09-02 15:29:13.77
event-1756827014066-de66hyzku,openai_address,"{""addressLength"": 126}",client-1756653250197-7ltxt67xn,user-1756653250215-ql8x6xfiq,2025-09-02 15:30:14.067
event-1756827074742-7cs6qmo1o,openai_address,"{""addressLength"": 126}",client-1756653250197-7ltxt67xn,user-1756653250215-ql8x6xfiq,2025-09-02 15:31:14.743
event-1756827144455-ghfnapi1n,openai_address,"{""addressLength"": 155}",client-1756653250197-7ltxt67xn,user-1756653250215-ql8x6xfiq,2025-09-02 15:32:24.455
event-1756827301973-y4rmhoeeq,openai_address,"{""addressLength"": 134}",client-1756653250197-7ltxt67xn,user-1756653250215-ql8x6xfiq,2025-09-02 15:35:01.974
event-1756827508562-lpe66eo2l,openai_address,"{""addressLength"": 105}",client-1756653250197-7ltxt67xn,user-1756653250215-ql8x6xfiq,2025-09-02 15:38:28.563
event-1756827528853-7znfgxove,openai_address,"{""addressLength"": 105}",client-1756653250197-7ltxt67xn,user-1756653250215-ql8x6xfiq,2025-09-02 15:38:48.854
event-1756827632927-74lg0d624,openai_address,"{""addressLength"": 116}",client-1756653250197-7ltxt67xn,user-1756653250215-ql8x6xfiq,2025-09-02 15:40:32.928
event-1756827716313-mn45jzl9r,openai_address,"{""addressLength"": 130}",client-1756653250197-7ltxt67xn,user-1756653250215-ql8x6xfiq,2025-09-02 15:41:56.314
event-1756827804255-e5z0v62fc,openai_address,"{""addressLength"": 91}",client-1756653250197-7ltxt67xn,user-1756653250215-ql8x6xfiq,2025-09-02 15:43:24.256
event-1756827908955-roe8kjonp,openai_address,"{""addressLength"": 137}",client-1756653250197-7ltxt67xn,user-1756653250215-ql8x6xfiq,2025-09-02 15:45:08.956
event-1756828025719-4ox4dai4s,openai_address,"{""addressLength"": 85}",client-1756653250197-7ltxt67xn,user-1756653250215-ql8x6xfiq,2025-09-02 15:47:05.72
event-1756828190675-8z51zfx2g,openai_address,"{""addressLength"": 130}",client-1756653250197-7ltxt67xn,user-1756653250215-ql8x6xfiq,2025-09-02 15:49:50.677
event-1756828278909-rf7fc58oz,openai_address,"{""addressLength"": 127}",client-1756653250197-7ltxt67xn,user-1756653250215-ql8x6xfiq,2025-09-02 15:51:18.91
event-1756828361553-wqhg5yn49,openai_address,"{""addressLength"": 90}",client-1756653250197-7ltxt67xn,user-1756653250215-ql8x6xfiq,2025-09-02 15:52:41.554
event-1756828454051-8wwn7r1bp,openai_address,"{""addressLength"": 82}",client-1756653250197-7ltxt67xn,user-1756653250215-ql8x6xfiq,2025-09-02 15:54:14.052
event-1756828508862-jxkcprk52,openai_address,"{""addressLength"": 107}",client-1756653250197-7ltxt67xn,user-1756653250215-ql8x6xfiq,2025-09-02 15:55:08.863
event-1756828668251-ntotj1fvw,openai_address,"{""addressLength"": 192}",client-1756653250197-7ltxt67xn,user-1756653250215-ql8x6xfiq,2025-09-02 15:57:48.252
event-1756828724314-2v8nnzof6,openai_address,"{""addressLength"": 104}",client-1756653250197-7ltxt67xn,user-1756653250215-ql8x6xfiq,2025-09-02 15:58:44.315
event-1756828800986-t0qr5hu5h,openai_address,"{""addressLength"": 159}",client-1756653250197-7ltxt67xn,user-1756653250215-ql8x6xfiq,2025-09-02 16:00:00.987
event-1756829669553-k77lkrt41,openai_address,"{""addressLength"": 135}",client-1756653250197-7ltxt67xn,user-1756653250215-ql8x6xfiq,2025-09-02 16:14:29.553
event-1756830090110-qbpy8q4kk,openai_address,"{""addressLength"": 136}",client-1756653250197-7ltxt67xn,user-1756653250215-ql8x6xfiq,2025-09-02 16:21:30.111
event-1756830154739-e1gqjd7mf,openai_address,"{""addressLength"": 36}",client-1756653250197-7ltxt67xn,user-1756653250215-ql8x6xfiq,2025-09-02 16:22:34.741
event-1756830159629-fw8my9x5s,openai_address,"{""addressLength"": 136}",client-1756653250197-7ltxt67xn,user-1756653250215-ql8x6xfiq,2025-09-02 16:22:39.63
event-1756830314813-2w8g80eft,openai_address,"{""addressLength"": 112}",client-1756653250197-7ltxt67xn,user-1756653250215-ql8x6xfiq,2025-09-02 16:25:14.814
event-1756831052226-5vyyam9g3,openai_address,"{""addressLength"": 79}",client-1756653250197-7ltxt67xn,user-1756653250215-ql8x6xfiq,2025-09-02 16:37:32.227
event-1756831067449-jf6rnwfrp,openai_address,"{""addressLength"": 79}",client-1756653250197-7ltxt67xn,user-1756653250215-ql8x6xfiq,2025-09-02 16:37:47.45
event-1756831522317-1fv5qx3a2,openai_address,"{""addressLength"": 140}",client-1756653250197-7ltxt67xn,user-1756653250215-ql8x6xfiq,2025-09-02 16:45:22.318
event-1756831594044-lozcynhbi,openai_address,"{""addressLength"": 78}",client-1756653250197-7ltxt67xn,user-1756653250215-ql8x6xfiq,2025-09-02 16:46:34.045
event-1756831662701-9rzuq6wod,openai_address,"{""addressLength"": 121}",client-1756653250197-7ltxt67xn,user-1756653250215-ql8x6xfiq,2025-09-02 16:47:42.703
event-1756831822466-11u1e96o2,openai_address,"{""addressLength"": 74}",client-1756653250197-7ltxt67xn,user-1756653250215-ql8x6xfiq,2025-09-02 16:50:22.467
event-1756831913820-n9df3ne3t,openai_address,"{""addressLength"": 150}",client-1756653250197-7ltxt67xn,user-1756653250215-ql8x6xfiq,2025-09-02 16:51:53.822
event-1756831960273-hdfr4hvtq,openai_address,"{""addressLength"": 260}",client-1756653250197-7ltxt67xn,user-1756653250215-ql8x6xfiq,2025-09-02 16:52:40.274
event-1756832007806-i2i4ardrm,openai_address,"{""addressLength"": 86}",client-1756653250197-7ltxt67xn,user-1756653250215-ql8x6xfiq,2025-09-02 16:53:27.807
event-1756832130937-s8wktaf2t,openai_address,"{""addressLength"": 107}",client-1756653250197-7ltxt67xn,user-1756653250215-ql8x6xfiq,2025-09-02 16:55:30.938
event-1756832169392-86rjbngmp,openai_address,"{""addressLength"": 108}",client-1756653250197-7ltxt67xn,user-1756653250215-ql8x6xfiq,2025-09-02 16:56:09.393
event-1756832223102-zghozkqws,openai_address,"{""addressLength"": 174}",client-1756653250197-7ltxt67xn,user-1756653250215-ql8x6xfiq,2025-09-02 16:57:03.103
event-1756836298048-123eccj4s,openai_address,"{""addressLength"": 124}",client-1756653250197-7ltxt67xn,user-1756653250215-ql8x6xfiq,2025-09-02 18:04:58.049
event-1756864957816-b4ly06yhq,openai_image,"{""imageName"": ""scan2ship.png"", ""imageSize"": 2075980, ""imageType"": ""image/png""}",client-1756297715470-3hwkwcugb,user-1756297715481-z5jst9611,2025-09-03 02:02:37.817
event-1756864984809-ii0wvi6eh,openai_image,"{""imageName"": ""WhatsApp Image 2025-08-25 at 00.11.28.jpeg"", ""imageSize"": 409636, ""imageType"": ""image/jpeg""}",client-1756297715470-3hwkwcugb,user-1756297715481-z5jst9611,2025-09-03 02:03:04.81
event-1756865001974-1eopxt7wc,openai_image,"{""imageName"": ""WhatsApp Image 2025-08-25 at 00.11.28.jpeg"", ""imageSize"": 409636, ""imageType"": ""image/jpeg""}",client-1756297715470-3hwkwcugb,user-1756297715481-z5jst9611,2025-09-03 02:03:21.975
event-1756867621911-jpturw4gd,openai_address,"{""addressLength"": 134}",client-1756297715470-3hwkwcugb,user-1756297715481-z5jst9611,2025-09-03 02:47:01.912
